Date,Store_Traffic
2/26/19,458
2/25/19,461
2/24/19,426
2/23/19,738
2/22/19,683
2/21/19,599
2/20/19,529
2/19/19,608
2/18/19,751
2/17/19,646
2/16/19,820
2/15/19,593
2/14/19,680
2/13/19,688
2/12/19,484
2/11/19,650
2/10/19,659
2/9/19,814
2/8/19,517
2/7/19,509
2/6/19,507
2/5/19,643
2/4/19,512
2/3/19,574
2/2/19,988
2/1/19,866
1/31/19,679
1/30/19,625
1/29/19,544
1/28/19,644
1/27/19,598
1/26/19,995
1/25/19,802
1/24/19,463
1/23/19,633
1/22/19,649
1/21/19,610
1/20/19,651
1/19/19,1165
1/18/19,1029
1/17/19,864
1/16/19,844
1/15/19,876
1/14/19,890
1/13/19,802
1/12/19,1148
1/11/19,921
1/10/19,812
1/9/19,693
1/8/19,832
1/6/19,838
1/5/19,939
1/4/19,1286
1/3/19,1487
1/2/19,1521
1/1/19,1393
12/31/18,1510
12/30/18,1572
12/29/18,2128
12/28/18,1831
12/27/18,1924
12/26/18,1511
12/25/18,1522
12/24/18,1153
12/23/18,1499
12/22/18,1625
12/21/18,1486
12/20/18,1760
12/19/18,2031
12/18/18,1948
12/17/18,1769
12/16/18,1041
12/15/18,1497
12/14/18,1741
12/13/18,1448
12/12/18,1530
12/11/18,1290
12/10/18,1481
12/9/18,1833
12/8/18,2676
12/7/18,2022
12/6/18,1519
12/5/18,1326
12/4/18,1348
12/3/18,1274
12/2/18,1275
12/1/18,2273
11/30/18,1597
11/29/18,1300
11/28/18,1208
11/27/18,1124
11/26/18,842
11/25/18,1779
11/24/18,2527
11/23/18,2714
11/22/18,1543
11/21/18,1978
11/20/18,1422
11/19/18,1354
11/18/18,1453
11/17/18,1885
11/16/18,1648
11/15/18,1069
11/14/18,1040
11/13/18,920
11/12/18,1021
11/10/18,1503
11/9/18,784
11/8/18,820
11/7/18,661
11/6/18,510
11/5/18,777
11/4/18,941
11/3/18,1366
11/2/18,946
11/1/18,894
10/31/18,843
10/30/18,874
10/29/18,1005
10/28/18,1105
10/27/18,894
10/26/18,1272
10/25/18,973
10/24/18,908
10/23/18,812
10/22/18,1007
10/21/18,1094
10/20/18,1138
10/19/18,1006
10/18/18,859
10/17/18,697
10/16/18,637
10/15/18,627
10/14/18,917
10/13/18,985
10/12/18,687
10/11/18,374
10/10/18,434
10/9/18,529
10/8/18,683
10/7/18,541
10/6/18,736
10/5/18,711
10/4/18,502
10/3/18,561
10/2/18,648
10/1/18,619
9/30/18,514
9/29/18,748
9/28/18,593
9/27/18,509
9/26/18,491
9/25/18,354
9/24/18,442
9/23/18,476
9/22/18,623
9/21/18,586
9/20/18,412
9/19/18,398
9/18/18,215
9/17/18,359
9/16/18,294
9/15/18,498
9/14/18,418
9/13/18,342
9/12/18,330
9/11/18,384
9/10/18,336
9/9/18,231
9/8/18,515
9/7/18,406
9/6/18,325
9/5/18,313
9/4/18,302
9/3/18,478
9/2/18,396
9/1/18,523
8/31/18,426
8/30/18,424
8/29/18,362
8/28/18,311
8/27/18,352
8/26/18,271
8/25/18,459
8/24/18,460
8/23/18,423
8/22/18,393
8/21/18,424
8/20/18,448
8/19/18,360
8/18/18,417
8/17/18,382
8/16/18,369
8/15/18,399
8/14/18,376
8/13/18,351
8/12/18,292
8/11/18,411
8/10/18,422
8/9/18,367
8/8/18,319
8/7/18,358
8/6/18,324
8/5/18,277
8/4/18,473
8/3/18,322
8/2/18,300
8/1/18,306
7/31/18,291
7/30/18,343
7/29/18,283
7/28/18,429
7/27/18,280
7/26/18,306
7/25/18,312
7/24/18,352
7/23/18,351
7/22/18,256
7/21/18,330
7/20/18,356
7/19/18,315
7/18/18,316
7/17/18,193
7/16/18,321
7/15/18,200
7/14/18,300
7/13/18,340
7/12/18,246
7/11/18,283
7/10/18,242
7/9/18,250
7/8/18,244
7/7/18,432
7/6/18,341
7/5/18,278
7/4/18,319
7/3/18,230
7/2/18,292
7/1/18,176
6/30/18,389
6/29/18,294
6/28/18,269
6/27/18,246
6/26/18,282
6/25/18,292
6/24/18,204
6/23/18,401
6/22/18,351
6/21/18,257
6/20/18,228
6/19/18,286
6/18/18,233
6/17/18,230
6/16/18,383
6/15/18,320
6/14/18,277
6/13/18,283
6/12/18,308
6/11/18,297
6/10/18,332
6/9/18,365
6/8/18,350
6/7/18,331
6/6/18,331
6/5/18,358
6/4/18,319
6/3/18,460
6/2/18,465
6/1/18,384
5/31/18,328
5/30/18,357
5/29/18,390
5/28/18,405
5/27/18,443
5/26/18,538
5/25/18,451
5/24/18,493
5/23/18,407
5/22/18,433
5/21/18,429
5/20/18,438
5/19/18,448
5/18/18,565
5/17/18,476
5/16/18,334
5/15/18,403
5/14/18,422
5/13/18,360
5/12/18,571
5/11/18,521
5/10/18,503
5/9/18,380
5/8/18,446
5/7/18,439
5/6/18,401
5/5/18,586
5/4/18,492
5/3/18,455
5/2/18,452
5/1/18,431
4/30/18,530
4/29/18,489
4/28/18,578
4/27/18,464
4/26/18,382
4/25/18,342
4/24/18,381
4/23/18,416
4/22/18,406
4/21/18,508
4/20/18,546
4/19/18,450
4/18/18,530
4/17/18,330
4/16/18,311
4/15/18,412
4/14/18,520
4/13/18,437
4/12/18,399
4/11/18,390
4/10/18,416
4/9/18,386
4/8/18,398
4/7/18,668
4/6/18,661
4/5/18,551
4/4/18,493
4/3/18,409
4/2/18,838
4/1/18,670
3/31/18,750
3/30/18,686
3/29/18,746
3/28/18,644
3/27/18,657
3/26/18,583
3/25/18,604
3/24/18,730
3/23/18,655
3/22/18,513
3/21/18,451
3/20/18,551
3/19/18,559
3/18/18,528
3/17/18,855
3/16/18,627
3/15/18,549
3/14/18,562
3/13/18,626
3/12/18,523
3/11/18,532
3/10/18,796
3/9/18,743
3/8/18,577
3/7/18,344
3/6/18,689
3/5/18,552
3/4/18,520
3/3/18,780
3/2/18,359
3/1/18,515
2/28/18,537
2/27/18,432
2/26/18,526
2/25/18,462
2/24/18,685
2/23/18,708
2/22/18,523
2/21/18,554
2/20/18,566
2/19/18,677
2/18/18,1060
2/17/18,854
2/16/18,649
2/15/18,606
2/14/18,700
2/13/18,741
2/12/18,615
2/11/18,467
2/10/18,836
2/9/18,758
2/8/18,548
2/7/18,334
2/6/18,503
2/5/18,434
2/4/18,533
2/3/18,816
2/2/18,674
2/1/18,619
1/31/18,642
1/30/18,650
1/29/18,524
1/28/18,614
1/27/18,828
1/26/18,726
1/25/18,533
1/24/18,592
1/23/18,485
1/22/18,620
1/21/18,730
1/20/18,970
1/19/18,764
1/18/18,796
1/17/18,641
1/16/18,722
1/15/18,809
1/14/18,859
1/13/18,1334
1/12/18,885
1/11/18,1021
1/10/18,1014
1/9/18,1189
1/8/18,1049
1/7/18,1065
1/6/18,1562
1/5/18,1866
1/4/18,1053
1/3/18,2016
1/2/18,1628
1/1/18,1884
12/30/17,1550
12/29/17,1478
12/28/17,1544
12/27/17,1771
12/26/17,1694
12/25/17,1230
12/24/17,1382
12/23/17,1489
12/22/17,1555
12/21/17,2021
12/20/17,1885
12/19/17,1448
12/18/17,2021
12/17/17,1547
12/16/17,1928
12/15/17,1832
12/14/17,1566
12/13/17,1359
12/12/17,1336
12/11/17,1482
12/10/17,2013
12/9/17,2026
12/8/17,2080
12/7/17,1386
12/6/17,1163
12/5/17,946
12/4/17,1375
12/3/17,1262
12/2/17,1761
12/1/17,1569
11/30/17,1090
11/29/17,1167
11/28/17,1091
11/27/17,1281
11/26/17,1411
11/25/17,1947
11/24/17,2701
11/23/17,1401
11/22/17,1425
11/21/17,1290
11/20/17,1322
11/19/17,1370
11/18/17,1416
11/17/17,1208
11/16/17,950
11/14/17,914
11/13/17,983
11/9/17,992
11/8/17,898
11/7/17,736
11/6/17,819
11/5/17,686
11/4/17,1313
11/3/17,984
11/2/17,857
11/1/17,980
10/31/17,825
10/30/17,965
10/29/17,450
10/28/17,983
10/27/17,915
10/26/17,722
10/25/17,790
10/24/17,597
10/23/17,688
10/22/17,734
10/21/17,912
10/20/17,855
10/19/17,639
10/18/17,550
10/17/17,687
10/16/17,746
10/15/17,651
10/14/17,800
10/13/17,767
10/12/17,625
10/11/17,577
10/10/17,529
10/9/17,601
10/8/17,639
10/7/17,801
10/6/17,606
10/5/17,541
10/4/17,493
10/3/17,556
10/2/17,598
10/1/17,628
9/30/17,849
9/29/17,602
9/28/17,478
9/27/17,446
9/26/17,475
9/25/17,391
9/24/17,329
9/23/17,603
9/22/17,577
9/21/17,576
9/20/17,453
9/19/17,495
9/18/17,512
9/17/17,427
9/16/17,530
9/15/17,514
9/14/17,380
9/13/17,434
9/12/17,428
9/11/17,501
9/10/17,478
9/9/17,735
9/8/17,560
9/7/17,501
9/6/17,400
9/5/17,431
9/4/17,547
9/3/17,561
9/2/17,680
9/1/17,640
8/31/17,376
8/30/17,446
8/29/17,349
8/28/17,492
8/27/17,377
8/26/17,498
8/25/17,427
8/24/17,483
8/23/17,448
8/22/17,327
8/21/17,365
8/20/17,403
8/19/17,445
8/18/17,460
8/17/17,587
8/16/17,550
8/15/17,493
8/14/17,500
8/13/17,301
8/12/17,513
8/11/17,429
8/10/17,405
8/9/17,373
8/8/17,413
8/7/17,329
8/6/17,422
8/5/17,439
8/4/17,458
8/3/17,434
8/2/17,343
8/1/17,332
7/31/17,417
7/30/17,390
7/29/17,499
7/28/17,395
7/27/17,409
7/26/17,412
7/25/17,402
7/24/17,402
7/23/17,369
7/22/17,380
7/21/17,636
7/20/17,480
7/19/17,440
7/18/17,436
7/17/17,442
7/16/17,371
7/15/17,503
7/14/17,363
7/13/17,362
7/12/17,422
7/11/17,430
7/10/17,311
7/9/17,365
7/8/17,333
7/7/17,415
7/6/17,433
7/5/17,381
7/4/17,394
7/3/17,500
7/2/17,398
7/1/17,463
6/30/17,474
6/29/17,403
6/28/17,400
6/27/17,391
6/26/17,404
6/25/17,328
6/24/17,405
6/23/17,405
6/22/17,427
6/21/17,354
6/20/17,458
6/19/17,308
6/18/17,344
6/17/17,372
6/16/17,446
6/15/17,442
6/14/17,697
6/13/17,354
6/12/17,300
6/11/17,450
6/10/17,432
6/9/17,471
6/8/17,414
6/7/17,368
6/6/17,361
6/5/17,405
6/4/17,401
6/3/17,450
6/2/17,409
6/1/17,423
5/31/17,363
5/30/17,334
5/29/17,373
5/28/17,391
5/27/17,496
5/26/17,428
5/25/17,379
5/24/17,382
5/23/17,430
5/22/17,312
5/21/17,406
5/20/17,482
5/19/17,461
5/18/17,367
5/17/17,393
5/16/17,442
5/15/17,343
5/14/17,437
5/13/17,275
5/12/17,485
5/11/17,384
5/10/17,391
5/9/17,371
5/8/17,423
5/7/17,287
5/6/17,479
5/5/17,413
5/4/17,398
5/3/17,370
5/2/17,393
5/1/17,501
4/30/17,465
4/29/17,590
4/28/17,566
4/27/17,473
4/26/17,424
4/25/17,320
4/24/17,435
4/23/17,319
4/22/17,383
4/21/17,528
4/20/17,441
4/19/17,414
4/18/17,421
4/17/17,451
4/16/17,553
4/15/17,629
4/14/17,754
4/13/17,610
4/12/17,568
4/11/17,579
4/10/17,502
4/9/17,487
4/8/17,577
4/7/17,422
4/6/17,331
4/5/17,379
4/4/17,378
4/3/17,407
4/2/17,396
4/1/17,519
3/31/17,367
3/30/17,395
3/29/17,337
3/28/17,364
3/27/17,431
3/26/17,370
3/25/17,524
3/24/17,545
3/23/17,490
3/22/17,482
3/21/17,508
3/20/17,492
3/19/17,575
3/18/17,707
3/17/17,864
3/16/17,649
3/15/17,611
3/14/17,479
3/13/17,793
3/12/17,596
3/11/17,718
3/10/17,511
3/9/17,394
3/8/17,402
3/7/17,456
3/6/17,537
3/5/17,557
3/4/17,613
3/3/17,534
3/2/17,506
3/1/17,486
2/28/17,516
2/27/17,512
2/26/17,439
2/25/17,609
2/24/17,700
2/23/17,718
2/22/17,608
2/21/17,582
2/20/17,649
2/19/17,608
2/18/17,832
2/17/17,825
2/16/17,721
2/15/17,653
2/14/17,797
2/13/17,819
2/12/17,587
2/11/17,1109
2/10/17,957
2/9/17,696
2/8/17,717
2/7/17,638
2/6/17,592
2/5/17,715
2/4/17,1003
2/3/17,906
2/2/17,686
2/1/17,634
1/31/17,621
1/30/17,676
1/29/17,751
1/28/17,1087
1/27/17,859
1/26/17,652
1/25/17,719
1/24/17,477
1/23/17,561
1/22/17,712
1/21/17,1047
1/20/17,797
1/19/17,743
1/18/17,774
1/17/17,638
1/16/17,1017
1/15/17,1126
1/14/17,1358
1/13/17,1046
1/12/17,938
1/11/17,1034
1/10/17,1073
1/9/17,1097
1/8/17,1466
1/7/17,1605
1/6/17,1593
1/5/17,1464
1/4/17,1439
1/3/17,1151
1/2/17,1808
1/1/17,1707
1/1/16,1914
1/2/16,2673
1/3/16,1785
1/4/16,1583
1/5/16,1439
1/6/16,1336
1/7/16,1267
1/8/16,1276
1/9/16,1416
1/10/16,895
1/11/16,946
1/12/16,950
1/13/16,964
1/14/16,1005
1/15/16,1042
1/16/16,1250
1/17/16,1013
1/18/16,1179
1/19/16,883
1/20/16,1111
1/21/16,1108
1/22/16,1436
1/23/16,57
1/24/16,1336
1/25/16,1125
1/26/16,1012
1/27/16,835
1/28/16,913
1/29/16,1020
1/30/16,1232
1/31/16,868
2/1/16,698
2/2/16,677
2/3/16,497
2/4/16,741
2/5/16,848
2/6/16,1185
2/7/16,790
2/8/16,901
2/9/16,791
2/10/16,792
2/11/16,934
2/12/16,1182
2/13/16,1297
2/14/16,938
2/15/16,1082
2/16/16,817
2/17/16,845
2/18/16,833
2/19/16,927
2/20/16,968
2/21/16,724
2/22/16,597
2/23/16,459
2/24/16,477
2/25/16,632
2/26/16,739
2/27/16,952
2/28/16,578
2/29/16,507
3/1/16,486
3/2/16,680
3/3/16,652
3/4/16,733
3/5/16,816
3/6/16,578
3/7/16,501
3/8/16,491
3/9/16,531
3/10/16,461
3/11/16,622
3/12/16,681
3/13/16,489
3/14/16,374
3/15/16,474
3/16/16,475
3/17/16,733
3/18/16,639
3/19/16,771
3/20/16,629
3/21/16,752
3/22/16,689
3/23/16,692
3/24/16,725
3/25/16,774
3/26/16,854
3/27/16,713
3/28/16,723
3/29/16,674
3/30/16,570
3/31/16,517
4/1/16,567
4/2/16,611
4/3/16,520
4/4/16,422
4/5/16,586
4/6/16,522
4/7/16,550
4/8/16,572
4/9/16,520
4/10/16,443
4/11/16,443
4/12/16,488
4/13/16,375
4/14/16,435
4/15/16,512
4/16/16,608
4/17/16,445
4/18/16,463
4/19/16,449
4/20/16,498
4/21/16,487
4/22/16,448
4/23/16,609
4/24/16,455
4/25/16,457
4/26/16,407
4/27/16,515
4/28/16,550
4/29/16,644
4/30/16,588
5/1/16,512
5/2/16,653
5/3/16,467
5/4/16,440
5/5/16,591
5/6/16,568
5/7/16,646
5/8/16,501
5/9/16,500
5/10/16,403
5/11/16,369
5/12/16,542
5/13/16,440
5/14/16,675
5/15/16,519
5/16/16,495
5/17/16,509
5/18/16,674
5/19/16,556
5/20/16,556
5/21/16,579
5/22/16,449
5/23/16,468
5/24/16,414
5/25/16,425
5/26/16,528
5/27/16,552
5/28/16,553
5/29/16,450
5/30/16,522
5/31/16,390
6/1/16,442
6/2/16,486
6/3/16,540
6/4/16,513
6/5/16,339
6/6/16,473
6/7/16,405
6/8/16,336
6/9/16,489
6/10/16,512
6/11/16,494
6/12/16,498
6/13/16,434
6/14/16,431
6/15/16,418
6/16/16,457
6/17/16,548
6/18/16,488
6/19/16,358
6/20/16,436
6/21/16,418
6/22/16,505
6/23/16,470
6/24/16,581
6/25/16,499
6/26/16,377
6/27/16,483
6/28/16,460
6/29/16,460
6/30/16,503
7/1/16,461
7/2/16,516
7/3/16,438
7/4/16,470
7/5/16,482
7/6/16,470
7/7/16,550
7/8/16,484
7/9/16,588
7/10/16,525
7/11/16,566
7/12/16,497
7/13/16,463
7/14/16,587
7/15/16,566
7/16/16,446
7/17/16,451
7/18/16,383
7/19/16,461
7/20/16,389
7/21/16,414
7/22/16,522
7/23/16,488
7/24/16,390
7/25/16,424
7/26/16,446
7/27/16,404
7/28/16,386
7/29/16,485
7/30/16,408
7/31/16,371
8/1/16,491
8/2/16,468
8/3/16,498
8/4/16,456
8/5/16,443
8/6/16,579
8/7/16,341
8/8/16,485
8/9/16,483
8/10/16,507
8/11/16,441
8/12/16,567
8/13/16,459
8/14/16,404
8/15/16,383
8/16/16,462
8/17/16,501
8/18/16,464
8/19/16,592
8/20/16,517
8/21/16,579
8/22/16,617
8/23/16,560
8/24/16,435
8/25/16,469
8/26/16,514
8/27/16,609
8/28/16,449
8/29/16,567
8/30/16,459
8/31/16,416
9/1/16,462
9/2/16,595
9/3/16,789
9/4/16,545
9/5/16,666
9/6/16,542
9/7/16,493
9/8/16,483
9/9/16,527
9/10/16,491
9/11/16,406
9/12/16,484
9/13/16,430
9/14/16,469
9/15/16,510
9/16/16,670
9/17/16,717
9/18/16,489
9/19/16,490
9/20/16,596
9/21/16,591
9/22/16,542
9/23/16,591
9/24/16,839
9/25/16,626
9/26/16,645
9/27/16,613
9/28/16,603
9/29/16,693
9/30/16,626
10/1/16,1035
10/2/16,889
10/3/16,880
10/4/16,791
10/5/16,839
10/6/16,698
10/7/16,853
10/8/16,1130
10/9/16,1070
10/10/16,1288
10/11/16,852
10/12/16,997
10/13/16,898
10/14/16,1005
10/15/16,1278
10/16/16,1055
10/17/16,892
10/18/16,747
10/19/16,888
10/20/16,908
10/21/16,812
10/22/16,1322
10/23/16,1130
10/24/16,991
10/25/16,1205
10/26/16,1236
10/27/16,994
10/28/16,1445
10/29/16,1637
10/30/16,1055
10/31/16,1050
11/1/16,1029
11/2/16,958
11/3/16,978
11/4/16,1215
11/5/16,1635
11/6/16,1005
11/7/16,1142
11/8/16,946
11/9/16,726
11/10/16,1023
11/11/16,1573
11/12/16,2332
11/13/16,1324
11/14/16,969
11/15/16,917
11/16/16,999
11/17/16,932
11/18/16,1240
11/19/16,1614
11/20/16,1373
11/21/16,1595
11/22/16,1607
11/23/16,2090
11/24/16,1806
11/25/16,4434
11/26/16,2623
11/27/16,1891
11/28/16,1547
11/29/16,918
11/30/16,1012
12/1/16,1367
12/2/16,1803
12/3/16,2893
12/4/16,2021
12/5/16,1545
12/6/16,1264
12/7/16,1469
12/8/16,1833
12/9/16,2403
12/10/16,2838
12/11/16,2130
12/12/16,1728
12/13/16,1757
12/14/16,1801
12/15/16,1735
12/16/16,2226
12/17/16,2672
12/18/16,2009
12/19/16,2742
12/20/16,2506
12/21/16,2573
12/22/16,2585
12/23/16,2778
12/24/16,1602
12/25/16,1796
12/26/16,2327
12/27/16,2339
12/28/16,2792
12/29/16,2115
12/30/16,2859
12/31/16,2188
1/1/15,2655
1/2/15,2922
1/3/15,2606
1/4/15,2267
1/5/15,1931
1/6/15,1877
1/7/15,1535
1/8/15,1560
1/9/15,2046
1/10/15,2114
1/11/15,1779
1/12/15,1101
1/13/15,1311
1/14/15,1387
1/15/15,1230
1/16/15,1392
1/17/15,1876
1/18/15,786
1/19/15,1432
1/20/15,1099
1/21/15,1169
1/22/15,993
1/23/15,1170
1/24/15,1441
1/25/15,1483
1/26/15,1002
1/27/15,727
1/28/15,1038
1/29/15,1057
1/30/15,1357
1/31/15,1424
2/1/15,1244
2/2/15,875
2/3/15,1055
2/4/15,1189
2/5/15,1040
2/6/15,1201
2/7/15,1578
2/8/15,1143
2/9/15,1038
2/10/15,1060
2/11/15,947
2/12/15,1143
2/13/15,1381
2/14/15,2098
2/15/15,1777
2/16/15,1714
2/17/15,1598
2/18/15,1467
2/19/15,1537
2/20/15,1537
2/21/15,1597
2/22/15,1296
2/23/15,1168
2/24/15,1023
2/25/15,962
2/26/15,1040
2/27/15,1133
2/28/15,1373
3/1/15,871
3/2/15,971
3/3/15,759
3/4/15,939
3/5/15,813
3/6/15,1051
3/7/15,1367
3/8/15,899
3/9/15,706
3/10/15,723
3/11/15,669
3/12/15,680
3/13/15,821
3/14/15,724
3/15/15,882
3/16/15,756
3/17/15,916
3/18/15,732
3/19/15,777
3/20/15,790
3/21/15,1182
3/22/15,824
3/23/15,791
3/24/15,692
3/25/15,646
3/26/15,604
3/27/15,873
3/28/15,1048
3/29/15,871
3/30/15,943
3/31/15,807
4/1/15,894
4/2/15,845
4/3/15,1102
4/4/15,1190
4/5/15,1018
4/6/15,967
4/7/15,910
4/8/15,860
4/9/15,913
4/10/15,956
4/11/15,908
4/12/15,592
4/13/15,529
4/14/15,564
4/15/15,576
4/16/15,526
4/17/15,670
4/18/15,921
4/19/15,723
4/20/15,496
4/21/15,654
4/22/15,723
4/23/15,603
4/24/15,761
4/25/15,817
4/26/15,462
4/27/15,624
4/28/15,629
4/29/15,573
4/30/15,583
5/1/15,799
5/2/15,758
5/3/15,645
5/4/15,575
5/5/15,531
5/6/15,534
5/7/15,519
5/8/15,561
5/9/15,707
5/10/15,515
5/11/15,465
5/12/15,468
5/13/15,502
5/14/15,556
5/15/15,580
5/16/15,684
5/17/15,569
5/18/15,613
5/19/15,496
5/20/15,608
5/21/15,671
5/22/15,631
5/23/15,857
5/24/15,642
5/25/15,817
5/26/15,516
5/27/15,553
5/28/15,567
5/29/15,576
5/30/15,694
5/31/15,486
6/1/15,535
6/2/15,542
6/3/15,552
6/4/15,581
6/5/15,564
6/6/15,645
6/7/15,537
6/8/15,478
6/9/15,466
6/10/15,508
6/11/15,415
6/12/15,509
6/13/15,619
6/14/15,688
6/15/15,452
6/16/15,511
6/17/15,571
6/18/15,622
6/19/15,599
6/20/15,622
6/21/15,503
6/22/15,471
6/23/15,473
6/24/15,488
6/25/15,572
6/26/15,639
6/27/15,527
6/28/15,469
6/29/15,535
6/30/15,610
7/1/15,567
7/2/15,598
7/3/15,605
7/4/15,640
7/5/15,389
7/6/15,478
7/7/15,521
7/8/15,526
7/9/15,551
7/10/15,703
7/11/15,504
7/12/15,559
7/13/15,440
7/14/15,469
7/15/15,534
7/16/15,453
7/17/15,573
7/18/15,592
7/19/15,420
7/20/15,496
7/21/15,473
7/22/15,473
7/23/15,461
7/24/15,560
7/25/15,676
7/26/15,396
7/27/15,469
7/28/15,552
7/29/15,490
7/30/15,411
7/31/15,567
8/1/15,704
8/2/15,440
8/3/15,537
8/4/15,604
8/5/15,688
8/6/15,636
8/7/15,702
8/8/15,571
8/9/15,487
8/10/15,605
8/11/15,614
8/12/15,555
8/13/15,642
8/14/15,680
8/15/15,541
8/16/15,458
8/17/15,537
8/18/15,522
8/19/15,569
8/20/15,653
8/21/15,650
8/22/15,627
8/23/15,564
8/24/15,681
8/25/15,570
8/26/15,592
8/27/15,581
8/28/15,714
8/29/15,683
8/30/15,502
8/31/15,560
9/1/15,580
9/2/15,523
9/3/15,641
9/4/15,683
9/5/15,839
9/6/15,688
9/7/15,756
9/8/15,575
9/9/15,536
9/10/15,620
9/11/15,643
9/12/15,864
9/13/15,571
9/14/15,599
9/15/15,644
9/16/15,562
9/17/15,594
9/18/15,690
9/19/15,900
9/20/15,674
9/21/15,692
9/22/15,699
9/23/15,1011
9/24/15,766
9/25/15,776
9/26/15,968
9/27/15,814
9/28/15,705
9/29/15,743
9/30/15,740
10/1/15,801
10/2/15,797
10/3/15,1367
10/4/15,1234
10/5/15,1057
10/6/15,867
10/7/15,883
10/8/15,873
10/9/15,899
10/10/15,1427
10/11/15,1375
10/12/15,1300
10/13/15,930
10/14/15,848
10/15/15,935
10/16/15,1232
10/17/15,1699
10/18/15,1565
10/19/15,1360
10/20/15,1331
10/21/15,1173
10/22/15,1184
10/23/15,1548
10/24/15,1927
10/25/15,1505
10/26/15,1531
10/27/15,1486
10/28/15,1049
10/29/15,1291
10/30/15,1446
10/31/15,1950
11/1/15,1294
11/2/15,1352
11/3/15,1253
11/4/15,1118
11/5/15,1135
11/6/15,1363
11/7/15,1723
11/8/15,1364
11/9/15,1117
11/10/15,1003
11/11/15,1592
11/12/15,1024
11/13/15,1501
11/14/15,1817
11/15/15,1447
11/16/15,1079
11/17/15,1095
11/18/15,1171
11/19/15,989
11/20/15,1475
11/21/15,2089
11/22/15,1813
11/23/15,1664
11/24/15,1871
11/25/15,2088
11/26/15,1880
11/27/15,3004
11/28/15,2534
11/29/15,1992
11/30/15,1729
12/1/15,1347
12/2/15,1483
12/3/15,1611
12/4/15,2190
12/5/15,2916
12/6/15,2115
12/7/15,1731
12/8/15,1649
12/9/15,1607
12/10/15,1573
12/11/15,1960
12/12/15,2885
12/13/15,1831
12/14/15,1490
12/15/15,1373
12/16/15,1602
12/17/15,1110
12/18/15,2260
12/19/15,2820
12/20/15,2348
12/21/15,2897
12/22/15,2487
12/23/15,2014
12/24/15,2615
12/26/15,3220
12/27/15,2416
12/28/15,2719
12/29/15,2577
12/30/15,2649
12/31/15,2179
1/1/14,2765
1/2/14,2867
1/3/14,2518
1/4/14,3296
1/5/14,2596
1/6/14,2331
1/7/14,1508
1/8/14,1700
1/9/14,1655
1/10/14,1876
1/11/14,1731
1/12/14,1878
1/13/14,1377
1/14/14,1120
1/15/14,1218
1/16/14,1289
1/17/14,1473
1/18/14,1895
1/19/14,1534
1/20/14,1547
1/21/14,856
1/22/14,1184
1/23/14,1500
1/24/14,1596
1/25/14,2039
1/26/14,1761
1/27/14,1400
1/28/14,1025
1/29/14,1096
1/30/14,1140
1/31/14,1421
2/1/14,1830
2/2/14,1012
2/3/14,1245
2/4/14,1392
2/5/14,1198
2/6/14,1195
2/7/14,1388
2/8/14,1719
2/10/14,1090
2/11/14,1225
2/12/14,1437
2/13/14,952
2/14/14,1719
2/15/14,1915
2/16/14,1966
2/17/14,2092
2/18/14,1734
2/19/14,1336
2/20/14,1497
2/21/14,1551
2/22/14,1767
2/23/14,1287
2/24/14,1125
2/25/14,1253
2/26/14,1017
2/27/14,1208
2/28/14,1372
3/1/14,1811
3/2/14,1572
3/3/14,1379
3/4/14,1236
3/5/14,1254
3/6/14,1117
3/7/14,1341
3/8/14,1529
3/9/14,1066
3/10/14,1100
3/11/14,1099
3/13/14,948
3/14/14,1037
3/15/14,1420
3/16/14,1183
3/17/14,1489
3/18/14,945
3/19/14,787
3/20/14,917
3/21/14,1240
3/22/14,1405
3/23/14,1029
3/24/14,957
3/25/14,965
3/26/14,883
3/27/14,950
3/28/14,1105
3/29/14,857
3/30/14,923
3/31/14,938
4/1/14,794
4/2/14,790
4/3/14,706
4/4/14,828
4/5/14,1152
4/6/14,788
4/7/14,755
4/8/14,927
4/9/14,714
4/10/14,833
4/11/14,897
4/12/14,1205
4/13/14,1138
4/14/14,1221
4/15/14,1135
4/16/14,1356
4/17/14,1514
4/18/14,1738
4/19/14,1613
4/20/14,992
4/21/14,1140
4/22/14,1126
4/23/14,917
4/24/14,988
4/25/14,1019
4/26/14,1303
4/27/14,915
4/28/14,770
4/29/14,977
4/30/14,725
5/1/14,1077
5/2/14,996
5/3/14,1085
5/4/14,774
5/5/14,827
5/6/14,884
5/7/14,809
5/8/14,738
5/9/14,880
5/10/14,918
5/11/14,924
5/12/14,702
5/13/14,616
5/14/14,678
5/15/14,638
5/16/14,754
5/17/14,984
5/18/14,742
5/19/14,727
5/20/14,751
5/21/14,686
5/22/14,700
5/23/14,724
5/24/14,834
5/25/14,815
5/26/14,831
5/27/14,723
5/28/14,739
5/29/14,727
5/30/14,885
5/31/14,967
6/1/14,919
6/2/14,636
6/3/14,692
6/4/14,619
6/5/14,646
6/6/14,773
6/7/14,783
6/8/14,1088
6/9/14,599
6/10/14,622
6/11/14,573
6/12/14,613
6/13/14,681
6/14/14,749
6/15/14,669
6/16/14,691
6/17/14,694
6/18/14,590
6/19/14,601
6/20/14,783
6/21/14,845
6/22/14,688
6/23/14,541
6/24/14,636
6/25/14,677
6/26/14,594
6/27/14,676
6/28/14,721
6/29/14,535
6/30/14,768
7/1/14,723
7/2/14,843
7/3/14,819
7/4/14,721
7/5/14,980
7/6/14,688
7/7/14,696
7/8/14,641
7/9/14,668
7/10/14,846
7/11/14,814
7/12/14,917
7/13/14,699
7/14/14,816
7/15/14,618
7/16/14,725
7/17/14,642
7/18/14,689
7/19/14,849
7/20/14,648
7/21/14,703
7/22/14,704
7/23/14,641
7/24/14,1573
7/25/14,888
7/26/14,882
7/27/14,747
7/28/14,732
7/29/14,686
7/30/14,763
7/31/14,765
8/1/14,785
8/2/14,1022
8/3/14,917
8/4/14,751
8/5/14,871
8/6/14,801
8/7/14,876
8/8/14,1032
8/9/14,1001
8/10/14,646
8/11/14,835
8/12/14,964
8/13/14,928
8/14/14,854
8/15/14,1098
8/16/14,1033
8/17/14,970
8/18/14,997
8/19/14,817
8/20/14,962
8/21/14,843
8/22/14,1033
8/23/14,1226
8/24/14,934
8/25/14,838
8/26/14,870
8/27/14,832
8/28/14,952
8/29/14,1114
8/30/14,1279
8/31/14,925
9/1/14,1100
9/2/14,789
9/3/14,1014
9/4/14,1008
9/5/14,964
9/6/14,1309
9/7/14,925
9/8/14,803
9/9/14,905
9/10/14,828
9/11/14,919
9/12/14,1076
9/13/14,1289
9/14/14,1028
9/15/14,1036
9/16/14,1086
9/17/14,911
9/18/14,1034
9/19/14,1270
9/20/14,1535
9/21/14,998
9/22/14,974
9/23/14,1013
9/24/14,997
9/25/14,1118
9/26/14,1325
9/27/14,1458
9/28/14,998
9/29/14,965
9/30/14,1101
10/1/14,1099
10/2/14,1082
10/3/14,1247
10/4/14,1494
10/5/14,1401
10/6/14,1230
10/7/14,1279
10/8/14,1394
10/9/14,1413
10/10/14,1707
10/11/14,2411
10/12/14,2233
10/13/14,2323
10/14/14,1411
10/15/14,1135
10/16/14,1320
10/17/14,1425
10/18/14,1839
10/19/14,1762
10/20/14,1597
10/21/14,1659
10/22/14,1491
10/23/14,1592
10/24/14,1943
10/25/14,2506
10/26/14,1947
10/27/14,1866
10/28/14,1521
10/29/14,1609
10/30/14,1761
10/31/14,2016
11/1/14,2122
11/2/14,1937
11/3/14,2058
11/4/14,1603
11/5/14,1568
11/6/14,1699
11/7/14,1949
11/8/14,3133
11/9/14,2554
11/10/14,1727
11/11/14,1745
11/12/14,1452
11/13/14,1611
11/14/14,2293
11/15/14,3314
11/16/14,2527
11/17/14,1563
11/18/14,1731
11/19/14,2037
11/20/14,2173
11/21/14,2687
11/22/14,3493
11/23/14,2870
11/24/14,2260
11/25/14,2359
11/26/14,2230
11/27/14,2652
11/28/14,4637
11/29/14,4316
11/30/14,3287
12/1/14,2166
12/2/14,2168
12/3/14,2204
12/4/14,2535
12/5/14,3163
12/6/14,3241
12/7/14,3644
12/8/14,2779
12/9/14,1444
12/10/14,2202
12/11/14,2598
12/12/14,3105
12/13/14,4653
12/14/14,3364
12/15/14,2621
12/16/14,2300
12/17/14,2425
12/18/14,2558
12/19/14,3585
12/20/14,4514
12/21/14,3543
12/22/14,3234
12/23/14,3682
12/24/14,2942
12/26/14,3998
12/27/14,3242
12/28/14,2753
12/29/14,2800
12/30/14,3265
12/31/14,2169
1/1/13,3429
1/2/13,2897
1/3/13,3178
1/4/13,3315
1/5/13,2995
1/6/13,2278
1/7/13,1854
1/8/13,1701
1/9/13,1396
1/10/13,1486
1/11/13,1437
1/12/13,2036
1/13/13,1608
1/14/13,1192
1/15/13,1288
1/16/13,1033
1/17/13,1189
1/18/13,1353
1/19/13,2011
1/20/13,1662
1/21/13,1448
1/22/13,1067
1/23/13,1138
1/24/13,1187
1/25/13,1527
1/26/13,1845
1/27/13,1468
1/28/13,1107
1/29/13,1082
1/30/13,1009
1/31/13,1101
2/1/13,1426
2/2/13,1676
2/3/13,1505
2/4/13,1205
2/5/13,1111
2/6/13,1112
2/7/13,1266
2/8/13,1048
2/9/13,1751
2/10/13,1442
2/11/13,1429
2/12/13,1285
2/13/13,1496
2/14/13,1451
2/15/13,1609
2/16/13,2266
2/17/13,1867
2/18/13,1925
2/19/13,1268
2/20/13,1545
2/21/13,1388
2/22/13,1444
2/23/13,1231
2/24/13,1234
2/25/13,965
2/26/13,1018
2/27/13,812
2/28/13,948
3/1/13,1212
3/2/13,1620
3/3/13,1216
3/4/13,1145
3/5/13,934
3/6/13,1067
3/7/13,945
3/8/13,1282
3/9/13,1443
3/10/13,1221
3/11/13,1000
3/12/13,720
3/13/13,926
3/14/13,945
3/15/13,1268
3/16/13,1664
3/17/13,1236
3/18/13,1015
3/19/13,940
3/20/13,1121
3/21/13,1019
3/22/13,1224
3/23/13,1552
3/24/13,1370
3/25/13,1382
3/26/13,1321
3/27/13,1393
3/28/13,1807
3/29/13,2018
3/30/13,2049
4/1/13,1621
4/2/13,1394
4/3/13,1243
4/4/13,1268
4/5/13,1331
4/6/13,1433
4/7/13,982
4/8/13,1008
4/9/13,886
4/10/13,842
4/11/13,776
4/12/13,757
4/13/13,1052
4/14/13,894
4/15/13,813
4/16/13,661
4/17/13,655
4/18/13,750
4/19/13,1037
4/20/13,1210
4/21/13,680
4/22/13,699
4/23/13,837
4/24/13,677
4/25/13,848
4/26/13,969
4/27/13,1331
4/28/13,1002
4/29/13,1182
4/30/13,1044
5/1/13,1039
5/2/13,954
5/3/13,1058
5/4/13,1239
5/5/13,905
5/6/13,913
5/7/13,931
5/8/13,842
5/9/13,980
5/10/13,1005
5/11/13,1248
5/12/13,899
5/13/13,849
5/14/13,723
5/15/13,730
5/16/13,713
5/17/13,973
5/18/13,1130
5/19/13,655
5/20/13,962
5/21/13,674
5/22/13,719
5/23/13,575
5/24/13,911
5/25/13,1274
5/26/13,1042
5/27/13,1164
5/28/13,534
5/29/13,811
5/30/13,695
5/31/13,778
6/1/13,998
6/2/13,670
6/3/13,612
6/4/13,741
6/5/13,726
6/6/13,801
6/7/13,527
6/8/13,968
6/9/13,1072
6/10/13,668
6/11/13,830
6/12/13,716
6/13/13,680
6/14/13,803
6/15/13,852
6/16/13,742
6/17/13,855
6/18/13,628
6/19/13,773
6/20/13,749
6/21/13,1087
6/22/13,1037
6/23/13,648
6/24/13,762
6/25/13,655
6/26/13,705
6/27/13,632
6/28/13,821
6/29/13,851
6/30/13,588
7/1/13,722
7/2/13,808
7/3/13,762
7/4/13,791
7/5/13,777
7/6/13,841
7/7/13,669
7/8/13,625
7/9/13,691
7/10/13,612
7/11/13,798
7/12/13,822
7/13/13,860
7/14/13,702
7/15/13,657
7/16/13,751
7/17/13,714
7/18/13,684
7/19/13,712
7/20/13,970
7/21/13,733
7/22/13,886
7/23/13,789
7/24/13,851
7/25/13,954
7/26/13,836
7/27/13,1007
7/28/13,796
7/30/13,671
7/31/13,751
8/1/13,706
8/2/13,821
8/3/13,956
8/4/13,781
8/5/13,769
8/6/13,812
8/7/13,923
8/8/13,944
8/9/13,1108
8/10/13,951
8/11/13,748
8/12/13,938
8/13/13,988
8/14/13,1014
8/15/13,1038
8/16/13,1026
8/17/13,1076
8/18/13,1057
8/19/13,943
8/20/13,840
8/21/13,925
8/22/13,1033
8/23/13,1094
8/24/13,1315
8/25/13,939
8/26/13,1015
8/27/13,976
8/28/13,943
8/29/13,949
8/30/13,1073
8/31/13,1210
9/1/13,1165
9/2/13,1051
9/3/13,838
9/4/13,1003
9/5/13,935
9/6/13,1025
9/7/13,1140
9/8/13,845
9/9/13,1005
9/10/13,852
9/11/13,756
9/12/13,940
9/13/13,960
9/14/13,1363
9/15/13,1067
9/16/13,993
9/17/13,919
9/18/13,1004
9/19/13,1035
9/20/13,1185
9/21/13,1519
9/22/13,1131
9/23/13,1131
9/24/13,1120
9/25/13,1121
9/26/13,1552
9/27/13,1386
9/28/13,1815
9/29/13,1453
9/30/13,1335
10/1/13,1140
10/2/13,1301
10/3/13,1242
10/4/13,1292
10/5/13,1961
10/6/13,1498
10/7/13,1317
10/8/13,1493
10/9/13,1492
10/10/13,1590
10/11/13,2083
10/12/13,2978
10/13/13,2462
10/14/13,2555
10/15/13,1569
10/16/13,1731
10/17/13,1644
10/18/13,1984
10/19/13,2540
10/20/13,1820
10/21/13,1710
10/22/13,1804
10/23/13,2072
10/24/13,1996
10/25/13,2676
10/26/13,2324
10/27/13,2668
10/28/13,2288
10/29/13,2124
10/30/13,2075
10/31/13,1914
11/1/13,2800
11/2/13,3227
11/3/13,2308
11/4/13,2464
11/5/13,2185
11/6/13,1730
11/7/13,1928
11/8/13,2629
11/9/13,3031
11/10/13,2803
11/11/13,2332
11/12/13,1988
11/13/13,1756
11/14/13,1735
11/15/13,2258
11/16/13,3098
11/17/13,2233
11/18/13,1946
11/19/13,1641
11/20/13,1718
11/21/13,1882
11/22/13,2397
11/23/13,3541
11/24/13,2727
11/25/13,2731
11/26/13,2558
11/27/13,2749
11/30/13,4323
12/1/13,3904
12/2/13,2701
12/3/13,2200
12/4/13,2370
12/5/13,2395
12/6/13,2703
12/7/13,3681
12/8/13,3239
12/9/13,2702
12/10/13,2469
12/11/13,2179
12/12/13,2294
12/13/13,3067
12/14/13,3633
12/15/13,3385
12/16/13,2823
12/17/13,2279
12/18/13,2538
12/19/13,2851
12/20/13,3749
12/21/13,4324
12/22/13,3950
12/23/13,3847
12/24/13,4080
12/26/13,3376
12/27/13,3896
12/28/13,4311
12/29/13,2888
12/30/13,4259
12/31/13,3379
1/1/12,2122
1/2/12,2250
1/3/12,2500
1/4/12,2661
1/5/12,2813
1/6/12,2660
1/7/12,3006
1/8/12,1988
1/9/12,1791
1/10/12,1465
1/11/12,1450
1/12/12,1326
1/13/12,1741
1/14/12,2420
1/15/12,1872
1/16/12,1889
1/17/12,1179
1/18/12,1253
1/19/12,1488
1/20/12,1796
1/21/12,1880
1/22/12,1609
1/23/12,1210
1/24/12,1311
1/25/12,1289
1/26/12,1225
1/27/12,1270
1/28/12,1898
1/29/12,1463
1/30/12,1347
1/31/12,1230
2/1/12,1093
2/2/12,1120
2/3/12,1411
2/4/12,1751
2/5/12,1410
2/6/12,1274
2/7/12,1228
2/8/12,1200
2/9/12,1300
2/10/12,1617
2/11/12,2022
2/12/12,1760
2/13/12,1659
2/14/12,1848
2/15/12,1555
2/16/12,1253
2/17/12,1778
2/18/12,2342
2/19/12,2156
2/20/12,2180
2/21/12,1779
2/22/12,1657
2/23/12,1631
2/24/12,1447
2/25/12,1861
2/26/12,1603
2/27/12,1238
2/28/12,1245
2/29/12,988
3/1/12,1198
3/2/12,1274
3/3/12,1591
3/4/12,1349
3/5/12,1178
3/6/12,1142
3/7/12,995
3/8/12,1147
3/9/12,1364
3/10/12,1624
3/11/12,1333
3/12/12,1365
3/13/12,1122
3/14/12,1021
3/15/12,1111
3/16/12,1296
3/17/12,1985
3/18/12,1182
3/19/12,1190
3/20/12,1065
3/21/12,1179
3/22/12,933
3/23/12,1102
3/24/12,1461
3/25/12,1108
3/26/12,1124
3/27/12,1076
3/28/12,923
3/29/12,1034
3/30/12,1182
3/31/12,1717
4/1/12,1393
4/2/12,1314
4/3/12,1297
4/4/12,1484
4/5/12,1563
4/6/12,1860
4/7/12,1937
4/9/12,1775
4/10/12,1802
4/11/12,2002
4/12/12,1760
4/13/12,1620
4/14/12,1697
4/15/12,986
4/16/12,1013
4/17/12,1024
4/18/12,1009
4/19/12,1092
4/20/12,1150
4/21/12,1230
4/22/12,636
4/23/12,1160
4/24/12,954
4/25/12,1032
4/26/12,1192
4/27/12,1661
4/28/12,1619
4/29/12,1113
4/30/12,1360
5/1/12,1384
5/2/12,1145
5/3/12,1263
5/4/12,1159
5/5/12,1232
5/6/12,975
5/7/12,815
5/8/12,933
5/9/12,758
5/10/12,788
5/11/12,904
5/12/12,1001
5/13/12,696
5/14/12,781
5/15/12,776
5/16/12,838
5/17/12,817
5/18/12,1008
5/19/12,1352
5/20/12,996
5/21/12,843
5/22/12,1247
5/23/12,1393
5/24/12,1450
5/25/12,1090
5/26/12,1033
5/27/12,812
5/28/12,932
5/29/12,974
5/30/12,1132
5/31/12,1202
6/1/12,1364
6/2/12,994
6/3/12,747
6/6/12,1225
6/7/12,1247
6/8/12,1337
6/9/12,1252
6/10/12,1334
6/11/12,929
6/12/12,755
6/13/12,1054
6/14/12,943
6/15/12,1032
6/16/12,1307
6/17/12,795
6/18/12,910
6/19/12,977
6/20/12,925
6/21/12,820
6/22/12,849
6/23/12,1140
6/24/12,718
6/25/12,1076
6/26/12,920
6/27/12,970
6/28/12,936
6/29/12,954
6/30/12,1079
7/1/12,689
7/2/12,1087
7/3/12,1067
7/4/12,904
7/5/12,1027
7/6/12,1225
7/7/12,1062
7/8/12,860
7/9/12,1104
7/10/12,954
7/11/12,971
7/12/12,964
7/13/12,1058
7/14/12,1279
7/15/12,978
7/16/12,1006
7/17/12,1077
7/18/12,812
7/19/12,929
7/20/12,1107
7/21/12,1195
7/22/12,1043
7/23/12,1049
7/24/12,978
7/25/12,1115
7/26/12,1220
7/27/12,1173
7/28/12,1146
7/29/12,1107
7/30/12,1245
7/31/12,1008
8/1/12,1028
8/2/12,988
8/3/12,1176
8/4/12,1528
8/5/12,1053
8/6/12,1057
8/7/12,1120
8/8/12,1093
8/14/12,1094
8/15/12,935
8/16/12,1164
8/17/12,1380
8/18/12,1423
8/19/12,1234
8/20/12,1334
8/21/12,1205
8/22/12,1260
8/24/12,1324
8/25/12,1441
8/26/12,1192
8/27/12,1328
8/28/12,1507
8/29/12,1190
8/30/12,1299
8/31/12,1352
9/1/12,1458
9/2/12,1304
9/3/12,1484
9/4/12,1001
9/5/12,827
9/6/12,2569
9/7/12,1369
9/8/12,1393
9/9/12,982
9/10/12,1070
9/11/12,1043
9/12/12,1073
9/13/12,953
9/14/12,1166
9/15/12,1522
9/16/12,1214
9/17/12,1116
9/18/12,1193
9/19/12,1054
9/20/12,1141
9/21/12,1358
9/22/12,1600
9/23/12,1268
9/24/12,1198
9/25/12,1149
9/26/12,1173
9/27/12,1072
9/28/12,1423
9/29/12,1909
9/30/12,1468
10/1/12,1400
10/2/12,1173
10/3/12,1461
10/4/12,1353
10/5/12,1598
10/6/12,2299
10/7/12,1880
10/8/12,2463
10/9/12,1637
10/10/12,1648
10/11/12,1748
10/12/12,2120
10/13/12,2743
10/14/12,1952
10/15/12,1812
10/16/12,2029
10/17/12,1825
10/18/12,1933
10/19/12,2187
10/20/12,2755
10/21/12,2000
10/22/12,2090
10/23/12,1911
10/24/12,2098
10/25/12,1897
10/26/12,2471
10/27/12,2572
10/28/12,1835
10/31/12,2120
11/1/12,2681
11/3/12,2189
11/4/12,1699
11/5/12,2684
11/6/12,2319
11/7/12,1601
11/8/12,2660
11/9/12,2999
11/10/12,3020
11/11/12,1797
11/12/12,2339
11/13/12,1720
11/14/12,2033
11/15/12,2216
11/16/12,2748
11/17/12,2416
11/18/12,2633
11/19/12,2854
11/20/12,2729
11/21/12,3057
11/23/12,5296
11/24/12,3051
11/25/12,2471
11/26/12,2701
11/27/12,1934
11/28/12,2586
11/29/12,2764
11/30/12,3430
12/1/12,3124
12/2/12,3194
12/3/12,2585
12/4/12,2453
12/5/12,2353
12/6/12,2710
12/7/12,3044
12/8/12,3208
12/9/12,2947
12/10/12,2497
12/11/12,2392
12/12/12,2432
12/13/12,2471
12/14/12,3212
12/15/12,3935
12/16/12,2790
12/17/12,2764
12/18/12,2692
12/19/12,2804
12/21/12,3734
12/22/12,3874
12/23/12,3666
12/24/12,3301
12/26/12,3594
12/27/12,3791
12/28/12,3371